c904355f-7774-43d1-ab8e-f48f08,27ee0784-c9c8-4c59-b7da-d2abd1e46d20
1,51b8a8ab-6309-4cb1-ac70-19f060661526
2,39ffc499-3032-4409-ae97-42af17461e3f
3,c32dbef3-e68c-40e8-85d8-29c978b84d7a
4,4c98ecf1-d732-469e-a63e-709796dcc54e
5,5ff8f3c0-5967-4665-916f-fa73726b8c10
6,d922011f-83fb-4f65-8253-e54b6df3d3ee
7,9e334a8a-88ec-47a2-8617-f7e13379411e
8,ceaf1806-a64d-421a-aa72-65c5119c5359
9,858d60cb-5e43-4b1c-98ed-afdca384ba9c
10,c632742e-b1d3-45fc-9a7c-447f400b9799
11,3acf3a56-e354-4569-b610-d1d642e5bb30
12,4788b454-f83d-4e1c-882c-3a83ba83aa31
13,36d7b811-bbb9-40d4-a22e-75134bdf5a6f
14,04ddb4f4-594d-4fd7-933c-31dbec74176e
15,8236a3b2-cf0a-46ef-b53a-12bb20a0c608
16,c5886db0-d6cc-4ec3-8331-b3c33d4d4a10
17,c454c048-3fce-4053-a45a-1b915307d069
18,70a483ac-f051-4de1-bb38-f0475a64eb18
19,1f41ec20-19c8-442f-8042-88fc296b6f4e
20,a35ae4c3-ffed-4284-bd9c-cba30732248c
21,61e8f4f9-ad2e-41c9-a306-5fa4bad5bacf
22,8a4e23c1-966e-412a-bb97-071d0975681f
23,3f186ef2-34ff-4a5d-ae10-2d3b6b037fc4
24,441056c3-20d6-435d-8c63-0ac93e3a95e6
25,2eb918c1-4b5c-4ae4-a6f0-6b03aaa58723
26,b2c5f5df-8b0b-41b8-a6cb-3b28d8c19c7d
27,f5d545cd-ee96-44c1-b9f6-7c3f037470b1
28,1c4348af-ebc4-463c-a5e0-db679a234e83
29,c5f025f2-bf6a-4cc8-bf56-99bbbfe1d53d
30,a8297058-0b6a-4158-b3d6-e4c44e8586cc
31,91d57d31-2711-40de-a72d-60961c2212dd
32,42d928b5-a67a-4b08-aed0-54566881a147
33,e52e715e-e142-46db-9e96-5e9e494ecb43
34,d4a963ff-6bcb-464c-9046-d58901138a5c
35,223313f2-9355-46af-83ac-a6c1aecbdde6
36,831787e1-13b4-4d68-91c1-229c2c61cb06
37,68ba2166-1f30-4252-9097-c4b7a243442e
38,9d7565b6-0a15-460f-b1d0-15094a65b5fe
39,262fc049-ddca-45f4-bde0-0d8d759ca3fd
40,05867f8f-146f-4fe1-afaa-e007568f5bb9
41,2416e853-b44e-4998-9bbe-42375871c19b
42,76a52d87-c0e4-405a-926b-947b6c69a592
43,dde7a8b1-fe33-4b60-8b7e-c37c14aa5e7a
44,8634fa53-315d-4ce5-9ac5-516936a4badb
45,f4ad8821-abd7-471f-bfa8-2f637e56d93e
46,93d55033-039b-492a-b85a-579e1ca08872
47,52e9c510-cb00-471c-9209-e78d5ae3dd53
48,8121f3c2-4fef-474a-9b3a-27c1866bad1e
49,cd430d43-d308-4548-a5d4-b5bc4fb16a90
50,46f28d38-4c6c-4f34-939a-985de74e5401
51,2988bedc-80ac-476d-b8b8-378c8175a3b0
52,1f380c91-82f6-43d3-aa41-421c8fa1ed1a
53,0528f3e9-69ca-461e-b20a-48055acc1b74
54,34e4cfaa-4096-4a26-b8a6-fc8765e75ae4
55,4e86500f-8964-40c1-b6e4-9c56bf5541ea
56,aa23ad3e-482a-4111-a62e-2371ba4af46d
57,ed04a69b-8421-4039-8b96-16cfb67e1894
58,25ab6dd7-9d0d-432e-9b43-ff845d2b2e5d
59,62c5c511-4379-4cb1-b1d1-b593ac2f89d8
60,9fc64dd7-d42d-4757-81fa-d906a224fba8
61,6a95cf0a-4ffb-4e8b-9fa0-544a3b0a2311
62,454fbda2-beff-4c6d-8524-e43c7d926e4f
63,b8d01078-3927-4f5b-925c-72201191595d
64,93b23ad8-3af4-4ff3-a1bf-1ebcc7262f40
65,3ea8c179-8a5c-4b10-92de-3e949389ee62
66,750de88e-af21-4eee-8a0e-3a1360ece688
67,9861ef60-f2a4-4455-8e44-b4ace05ccb97
68,07a3f8b5-a1e4-4ac0-ac04-df4211ce00d6
69,09cd8163-2b0b-442c-9747-66de02b460ec
70,0077f932-ed80-48a7-bb38-b9553cbfe303
71,066c8d3f-57fe-42f7-8f65-ccf3011f5540
72,b0906c6f-7aa9-44b1-814b-aa31aa87b34a
73,e69190a6-62f8-48cc-bd54-e8653be48c3b
74,b67cc0eb-7f88-4b60-852f-7cb9e1ffb274
75,0c008eaa-3dd8-4a4f-8ee0-5d7ff73b24b4
76,1084dc31-913d-4be0-838b-9e3d2abae23c
77,a193887c-f59d-4368-a3ef-bca93ed2139e
78,e752f5e7-35be-4398-a873-e1c5008d4967
79,059fc011-3e62-4092-a0c0-e82dddd15b80
80,125f79da-a469-49c2-97bb-c0d481396ad7
81,d25cf889-d99f-4641-8000-32fbcc67ebdf
82,6b74c5fc-ff95-4811-857c-64b1649aee52
83,0c873fe3-fd9d-4d5e-be03-1655d0d33951
84,af58b70d-700b-4805-84d2-07dd8196dbfd
85,8aa4684c-51d2-4a78-9759-6c0f980b2466
86,9abdb238-6549-46ca-b2cc-dadfca377244
87,d14c7a5d-22bc-4bc8-8968-ef485abaf6e1
88,88df5386-aaf1-4317-b5f5-61414b419967
89,1579bad6-54ba-4608-98e6-bf6dd0752d49
90,71fa833e-b1bd-4f57-958d-cd68641bd7f5
91,85a08661-c36e-48ad-9eb1-8e5e338b8150
92,1275ba3d-21be-4a68-aaed-18bddc7d4fa8
93,f7559b17-b8e3-4418-9e91-9ebf660b013f
94,22811451-d7ac-44cd-8444-1481f6841e5d
95,50a8c780-5616-4462-9708-10d9b3c25e48
96,b968ebd3-168c-42b5-921b-63cec2558ff1
97,6fb712da-8bb3-4999-b1c2-54b1f97d8306
98,fbac6ca0-11c7-4614-9982-9cbaba8a5da9
99,213c14e8-dc1e-4928-8a84-f7a6d7b61fe7
100,0bcda2ab-d974-4c64-a1dc-c2907efafc1a
101,68ca4dac-4157-40db-9b3a-542276087d06
102,ab3da8e9-228f-4be1-b5e7-7cf2395ea7b2
103,47f2f698-4c9d-43dc-a11e-5662aafeb83e
104,e7b10013-f5cd-40dd-b384-f6d5fff3ccd9
105,26d6a556-0418-4c4a-8c93-0c101058729d
106,b2dc8a06-e9cc-4202-a38d-b91d41e518e4
107,efa528cf-5af4-481d-9c01-7f738afdeb8e
108,e0c1fe39-2bac-4f2b-8b11-694e8d13c7f6
109,7974f90d-0251-49f5-8716-59c02c19b236
110,81510d2f-f531-4cd6-bd1a-c552338ad342
111,adb9907a-cd19-45df-b196-2313c2ba9245
112,bd7da09e-30bf-4b03-b0b0-cd98b8f65d57
113,df1486ce-6ae1-4b83-9b4c-a662e76e0743
114,70c7a281-bec8-420c-8248-a5aad4de8e4a
115,8a6f89d3-8d25-47e3-b32a-7ac77928f8e7
116,7e8c7640-984c-46ae-b580-5a5a56b4e7b1
117,e8879a85-f466-4d9c-b0a5-cfa4868bd900
118,de6296c8-386a-4ca3-98c8-05fbe55cc355
119,ab4d52fd-0cec-44f6-af6b-a5bb1e0bd684
120,1ff4082d-2865-4128-9da5-23968f86f81e
121,ce317ec7-609a-4023-882f-b5bb4d7b4e38
122,4aa5e29b-73f5-44d8-90da-17365abdd2b1
123,0c7416a9-ee29-433e-bbb0-93b1716f1c59
124,53b05811-7a9c-42a8-8cd4-f7c6d7c2169c
125,231d11ca-10b2-4f3e-bb1e-4d7b7736e49a
