c904355f-7774-43d1-ab8e-f48f08,d08553a2-17e3-4b12-8c7c-26a9ce687b9d
1,4af63a1c-d931-4574-a52d-1b90f56b7a2a
2,815393ef-0461-4f28-9f43-1c67a58e5b5c
3,122afe52-954f-4975-b768-a1e09a81404c
4,59117aed-ce00-4e51-9351-54757d545c5d
5,6159bd6f-ab58-407c-b9dc-faa6c0409937
6,6184428f-a723-42a1-a934-cbdaaf45e953
7,f4a5b483-54da-4b2b-8f78-a197e43e035a
8,a758fb95-2983-4d46-8ced-35238cf17466
9,fa58ff9b-8f4f-4e5c-bd3b-1344652902ca
10,48d828ed-07d2-4db4-b19f-48021d0bc266
11,d1ae0169-0aa5-4b1b-9c4c-d3f111a6d28c
12,869f66be-1e42-4e7a-8f59-6b1aac17887d
13,c02359c2-ddcf-4695-a6b8-c00328099362
14,f8899cc6-1c99-4e4e-98a5-8fbb89e250d3
15,8df2b957-2a6c-48a1-b11c-dfa506e5edd8
16,a5864b41-2ac3-468f-9483-1b81b614d534
17,0f203b50-d095-4c51-ba94-6b55feaccd46
18,32382756-bcb3-4228-b0a6-8551aedd759e
19,647481e5-28a8-429f-a97d-280db89108b4
20,d994b750-47f2-40e6-9737-d1750f938322
21,de6c0be3-7320-45b0-be8c-5f3e21de6697
22,caa274b2-fe26-4b50-afbd-7e48da7928d5
23,2dd53370-ff1e-4231-84a6-54bac3fa77ad
24,07be456d-6c04-46e3-b518-f257779a338d
25,56cc7aa9-bdc8-4377-920c-4bd79f420aab
26,ffb1880e-2953-440a-89ed-3f29c9ec4e4f
27,c292a5ac-f448-4ffd-bbb1-dec7f7bbe3fd
28,c9a6a2d5-df5d-4e87-844a-e1cc8988402d
29,a0c4c270-77d8-4d7e-80c6-da95d815220a
30,ec7f85e3-dc58-400e-9615-8d075900663a
31,c217c444-7586-4ac7-a7b1-a83d01513507
32,caf96fbd-6907-453f-b4d1-dd80d371fefd
33,d2140c3f-e471-4aa9-8d48-d0be92f30221
34,47ddc310-57a2-49e0-b9a5-6f598a9ee123
35,53417607-600b-439b-81e0-cdcc6aaf8587
36,322dc63f-db34-4464-8ef3-5a03799eae8a
37,8df1ed12-1e04-419d-a2eb-23949931ea0e
38,1d2adfff-21dd-4fa9-9630-65786776f3fc
39,5824494e-2bb9-4c4f-802c-e6ec2e95db4e
40,5a48957a-e7f6-4110-9b4a-37dffdebfe1d
41,ec4926d2-fd53-45b0-a633-21075796c13d
42,367a5207-57fd-4bc4-9e1c-22c6e53ca902
43,b046e4d4-4262-45c2-8ee4-c8781207e4d3
44,31cc6bae-33ec-451a-b335-e175cc2c4bf3
45,3a9cc7ac-a8d8-41bf-9d77-b1dc6cd540bd
46,6494814e-ca49-46b8-96c7-04c3c175273c
47,ae7a8c38-9902-46bd-b051-4d4a669d035c
48,850a70eb-7ca1-4913-94fb-1929c7b29b29
49,f5047324-68bc-4515-a7eb-4c920ba3d182
50,b8c37eb6-eefc-44b2-9901-93c54ae92e11
51,3315d28f-50c9-46d7-97e5-b8b3a973b5a9
52,27184c9d-8665-444a-9b28-7ee4769dc86a
53,baeec8e7-b77a-44fa-ba0f-ad5d6fd26eba
54,4e3dd691-295f-458a-8f58-8ab2b7f42c2a
55,503b2fc8-0608-4f93-9bfc-e51f4af419d9
56,17d78e8d-d59b-4289-9096-67a10633d86e
57,607b60a9-96e0-406c-b094-c2cc7d647b04
58,8b7b8a98-99c3-4580-9324-470d4e2667b7
59,abdfcd73-ca4f-4427-93ef-53df96f94006
60,112cf0f5-91ae-41d0-84c8-b11ee5641ac3
61,c5987d6e-6f2e-4d05-9a67-0a075cdcca2c
62,87a32d5b-b39d-48e9-a6bd-7afe34a04032
63,04ae6439-235c-478f-9112-88b5574dd7c1
64,8daa8256-1f2f-47b3-8e0b-f22bb0668505
65,6c724927-c6e5-4b16-9113-4d63722615e3
66,4745ce76-db3d-4933-8c0a-d6917220dfdd
67,b601222e-f436-41b5-9ebd-a291715f6b9c
68,a2628145-345c-428e-a9df-743b7a4f8f81
69,e6d06d25-a0f2-45c3-8656-4c7b9835af19
70,5b894c2b-fab2-4b93-97c3-43dcd06778d7
71,b512d0e9-5b52-45d1-93a5-3ccd89c3a43b
72,89343dc1-7aa5-4ade-bfdc-9cebc628c2d8
73,9e6c0a82-95db-4fdc-8300-08d5148b172b
74,ce6f71c8-ec02-4667-91cf-0add9a1529db
75,d89413ed-55b0-409a-938f-a0f153b8c7d6
76,2a6b09e2-9977-430d-9df8-f7e11433ce9f
77,f4335d5a-3f93-4a46-861b-ebd21ecbd2c6
78,0f297ecd-b38b-4d04-bf64-f33eb2f7369d
79,78424b1a-447b-4b75-ae4a-b8803e4b5b84
80,5768bdf4-286d-4374-b61d-169602088463
81,cfdbaa0e-f51c-47a4-bb93-93dad27ef632
82,99256a9c-4142-49ec-afa4-24090226d706
83,c59252f5-abf0-4039-820f-762659096112
84,bb79178c-1e64-4e11-8edd-61b21ff7ecde
85,6250c28f-5a0b-4eb2-bc90-d99d649d2f7c
86,58966c81-6503-49c3-b649-7eb1b98ec7ee
87,e6ebf4c3-b643-4418-9110-830f77ea06a7
88,1c246f50-8965-49f9-9fc5-77631a3edad7
89,ffc47892-73d6-4513-9882-49a482e46364
90,6efd4ec4-933d-4468-90fd-30f1918a6767
91,0c974738-8ff7-44a2-9698-2e2b3a45d9a9
92,212a98d2-7583-423c-a74f-9582ea0a03d7
93,65580803-42de-46c7-922a-fbcf0cc109ff
94,c5c75bd3-8562-4f3a-b75f-025bf5e90a9a
95,4e7a6ec1-969d-4326-9e75-03997014b982
96,cd243f38-8057-4523-8a90-98c554be8938
97,3a45a627-bac2-4dba-a2e6-28114f108431
98,8454b195-5927-4e33-bebe-8cc6dde62eff
99,558e28db-b7c0-4f2a-b1ee-166b4a097f7f
100,dd27f7c3-3283-446b-96c9-97b039b04cef
101,734aef07-6be8-4f96-91d1-191c7e6e6e3c
102,3ccfa7ad-1784-4423-8adc-9ed79f8713e6
103,3d43a9b9-e1d5-4aa8-9a2e-38689fc52ed4
104,cbdd3fff-67d2-41dc-bfd3-a4b4f0a9a649
105,6d8fd429-c8cf-4bcc-9c04-f7a92f8fd791
106,4f7d50a0-7e2f-4935-8fdc-1ea839069aba
107,7105e8e6-5e12-4546-a706-58a82ff25ea8
108,e87d2186-c63e-451a-8954-31c3b04e6613
109,d44402a1-5818-48ad-93d4-289be5e32203
110,9e9211a5-755a-45e4-b079-a335e2e0a131
111,d75395bd-bbf5-4dcf-87a6-ccaba3d6ae8f
112,5eb47b5e-b771-4473-8db4-4d6a49d4d767
113,a60b0181-01e1-474e-98f2-4c7732792d5d
114,a3fc8136-f09a-4f2d-b713-29ec604c2929
115,37f88b63-7ad8-4821-bb55-c65a86b943c7
116,8493cb9c-c023-4c46-a8bb-18c09e9f62d1
117,9d55f3b4-6428-405e-ae54-33b789d01068
118,f2757e58-7a1e-453c-bf10-82e74137cb46
119,8df6d900-4221-411f-90dd-768d9019de82
120,6d471704-cc59-40d5-9a6e-ef8ec130bdfb
121,7584cade-a10b-41d5-aa62-1e10ebe55fd8
122,7eb47a7c-0fde-49e5-8391-57ea7d4b6600
123,69595551-a908-4c94-819b-92bd76aa9bc2
124,1be72b5f-af6b-4138-b60a-5d36069fbbc4
125,bab26d3c-dd5f-430e-85e9-a73f9d6954e6
126,4f89c112-5b82-4feb-ab46-9b82a89456a9
127,1c478a01-a123-4d3d-abba-6a98f39ff43d
128,d848179e-4a32-4376-8973-8ff95cbdf7c9
