c904355f-7774-43d1-ab8e-f48f08,6e7d637e-1ee7-4cf4-8c61-b49d506817a2
1,78345ff7-3ae8-4775-a40f-0341bdd3fa9f
2,26e94a18-8191-4938-9854-bc654ea0f5a7
3,88cf6246-f26e-46ec-8041-f1e6bd80a846
4,9adf03fe-a1f0-419c-98ac-7ceb99add916
5,8426fd8b-c15e-4b0a-997a-c55c5f314708
6,7f112c5a-3fce-4f56-b0ad-854a12750d65
7,d5709d9e-a0e4-4d7f-9f1a-63b03837cd95
8,7002969f-863b-49a0-b9d9-bf4fe29d94c5
9,b83ebbf8-eaf2-4c2d-934b-20cf93542bf3
10,93f76b92-2ccb-4b7b-ba41-0023e7fa5fe2
11,efe2672d-8f31-4d67-825d-b165a8313429
12,8fee00f1-7efe-4c60-b341-91b59fbc3eef
13,f04dac55-0864-4614-9d18-b630910eabc4
14,f91b9340-7c45-4d3a-829b-7771b3f1a44e
15,fe5c4fff-ace4-404f-acc8-287b132d4eec
16,3a2a8ce0-6ed9-45e8-aa70-4f851abc559d
17,fc393b05-633c-4343-a8ac-8053c7e17919
18,16b87da8-8315-4e86-aaa5-ac788cd853f1
19,d67f9161-38af-4aca-97d0-bd97f87ae1ba
20,dfcbf124-1c01-4f0c-9c68-ea588d255ff6
21,40fb3c0b-7e2c-4d51-af55-1e28ad6afb4b
22,5bc00d4b-4ddb-4a37-b353-47189df37bf0
23,5a85fb85-371c-4dc7-8ef0-174743aeff11
24,06a7b276-c7df-4dfe-a835-998284d51dc1
25,29fed6e6-5abd-4be6-9364-12f2a19e7c88
26,bcff265f-17b1-4f22-9cfa-87323e9e320d
27,c624a874-1e68-460d-8b11-37923d6434db
28,cdc19a8b-54c5-43af-9d6c-7edb2a09d96e
29,96765190-9484-46d5-98ef-7e65037041a7
30,732220f1-df10-40a9-b0a6-e31a31231ade
31,ac6a92ac-4973-47f3-93b8-12a02fcf1784
32,1d4c3116-fe2b-4313-8f55-880af1566099
33,0cdc3be2-3430-4f76-899b-dc4c164822bc
34,07f36aa3-f44a-438b-b7c5-448920fdc4e0
35,abad5a84-4970-4749-8013-683b3d05f761
36,ac871091-1a42-4eab-ae8b-690a1fc44441
37,0c84d51c-0fe4-4b0c-aa17-53b11fec378a
38,5dc6af8e-4ae2-4957-8ea7-557a11a347f8
39,73e3210c-e442-46e7-98d2-325d1908e757
40,7e35726b-14fb-417e-a616-d518aac2d611
41,f4836421-5444-4011-9db6-f0fcac3cfaf7
42,f9ee92f5-e27b-4039-9cae-003359d84bf4
43,44e9dd2e-64e5-4301-9dd9-abd65538f80a
44,9d2d6232-31eb-40d3-a6ab-1a1669deeb7d
45,299494d7-8c4a-4389-af86-157b0f25b8bc
46,feef0eb3-53f1-4a55-ae47-03738c2e99bb
47,a64a5d8b-f34a-41d5-b958-1e59613a2d16
48,bcb7bdd2-3b5f-42ad-a597-62cd84486f4c
49,09a81028-bd7f-4512-854a-6b0c4b379fd7
50,a61dd8f5-51fe-49ab-ba05-c92cb213d12c
51,c81ab882-4e97-40f9-8d07-5fda06294afc
52,f2699fd5-ff4f-40c6-b82d-6f0a275460f0
53,c7f55909-58ee-4731-9389-0861f66804f2
54,1e0be527-cccc-4e5f-b729-d6127c01282b
55,16d9da92-6913-4d1a-b66d-f0c57356b900
56,cc0c2d4b-b1f9-477b-a3c2-c685a0169696
57,8eda39bb-1e36-4840-a50e-7d85807cd431
58,7b6d67dd-2b36-4ce5-8ab7-4a4d8ac74b61
59,e8ea465a-0d37-4ad0-aa0f-d94a0765e119
60,ec637497-ad1f-4d95-855f-6150152dd4d4
61,aad5f5e8-9818-4e47-a42d-931ee52c691c
62,ef6a9fa2-dae5-4201-b416-9f94e1ada319
63,0f032766-2489-494e-9cd0-ae33d4340292
64,dc57c99e-7338-442e-a93e-824427de3f33
65,94021142-52c2-4a88-9a1d-6c1fbbaaadd6
66,f2463f74-598d-46b5-ad4f-a8134791239e
67,5701147e-8b83-44e0-ab3a-7badf5af0697
68,4592ce26-0b4b-4914-a564-cc0864c8aed7
69,4d367a21-8c90-4f70-80e3-ac3c17c9748b
70,c129e6d4-092a-4117-b299-7c6f48b9cff9
71,2070503f-fac6-4b19-b449-29dd550814f8
72,9f06f275-1dc9-4710-bf33-c348c57c0b3d
73,0f483053-b4be-49f9-bead-e0774bc78601
74,ec42b1a1-e7fc-4497-b4fb-f506c0b0c857
75,219c2d3f-4dc7-466d-b9c6-3c1c0a260dbd
76,cbc186de-25e7-4ff4-a5e0-1eb5c02b9fce
77,3ab8d45b-e98b-4bfc-8621-e98bd434d7c1
78,4c4cd4bd-1d6a-4012-99ac-6f87de211c17
79,d1dfe9c8-771e-49e8-a1c1-db8daf13e8d4
80,af98909f-eb09-4e89-9862-d0f7c8b578f8
81,eb0c466a-a978-46b6-a7d5-e3f43cf0be7a
82,6c4911e4-3f59-4b9a-a15c-a169dec173bb
83,c42d31b8-9bed-4e54-acda-323605497015
84,628ae62a-1db9-48f3-9a95-817bc223f8fc
85,9a83f63b-8f66-445a-8bc1-71238ef55ab4
86,174652be-9987-4a2c-b6b5-75a5fc4fe1a3
87,9cc9c9eb-fd0d-42d2-bbbe-3bdcbdb0b3eb
88,2fa2301f-5aac-419d-8fd4-3c02ec0b8668
89,73b595af-af5f-4d82-9f3c-864a250e5f83
90,6a21d49a-2d40-4264-84f2-39bfd40ec48a
91,d0141c71-38cf-457a-97e3-b939c83a1cc9
92,0eb347ff-b03e-44da-bf41-cc06d2c82431
93,5e6290b1-f29c-44eb-ae10-93c306f1aa48
94,0f71c350-bcf6-4a8e-861c-3f749fe3bca0
95,5f2f02e3-a10c-4716-9957-9517caebecb4
96,365a8691-81ee-4972-b6df-625c4e0d89d8
97,e8452d2d-4bbb-41f5-981a-39301771092d
98,0a26e02f-2f5c-4c2d-af0d-9d333fb09900
99,98043d49-cd5c-4eb5-b5ae-ac74a1c93832
100,c165c728-8cc1-4045-a6c7-a5a7ea8af305
101,83bbbd94-d2f0-4c89-b60a-fe8cc79fa101
102,7032221c-3df2-410e-8658-566431b2b2d4
103,b29d3154-e614-4f58-b1b9-0a09fe9ef9b4
104,7a10fd53-77c2-4a3d-8d81-09e1fc181e5b
105,73f8250e-8d14-47d3-a3d0-bd03dae373a8
106,ab71ef38-1836-48c1-bd93-c3c168129613
107,de869261-da3b-4f6b-8e4d-1ef88449f0d1
108,d76721dc-4848-4a32-86f7-22ab06017a8f
109,32969b19-2509-4519-bcdd-e57664c5aea1
110,a1f776f1-7d8b-4c49-875f-c9aad7e97a9d
111,6d21bb9d-a252-4b8e-8c2d-8afb21e83bca
112,6bda452c-506b-4639-b4cf-c93e89cebe32
113,42f13ddd-f709-4b39-ba11-ac13fd5151fe
114,bd794244-c222-42ec-bf6f-01d40c408590
115,3517281c-b641-439e-8981-15ef01ce5666
116,fefb41ae-ba5f-48af-83ac-4897a5563361
117,a38606c4-50b1-4c0d-b236-5652e864c387
118,da839ee6-aebb-49d9-9f7d-c2f6e01696a5
119,49190d99-6b49-4099-8583-2d5e77499e4f
120,df63843d-2b41-4dc1-b28d-962f16cb4ed6
121,6c578818-a65b-4710-94ef-aaba262efab5
122,0a234e6d-4a13-497d-86b8-a0978eec5a1d
123,ea8bfebd-5ca9-4825-b1ff-e083762072a7
124,e439cb9c-4e13-407c-bd5e-4f9908bd48da
125,bb34b66f-4d8a-4bad-85e2-31c5b6ee2b1f
126,d359f5b9-5b55-4795-951b-1d456b631bcd
127,6d0cb53a-6929-4b8e-aef1-cfe34d77f0c2
128,95d765b6-c0e0-4b08-93e3-23dccf56113a
129,3b5d7484-eca8-4813-ba79-4bef7d7c63fe
130,7511e9b6-bd2d-4895-925a-08089ce67c14
131,5a8c8820-65ce-49e7-b1ff-4c04f2cb5744
132,d3791ce8-1c95-4940-b9e3-c803a26bab46
133,834df6d5-4e20-4949-8196-dbf3e801538e
134,65a37164-96c3-4572-b940-5940e5081a39
135,483b332c-43cc-421c-93d7-a932e3fb6a14
136,1aae83ad-22a7-4ef1-a780-89520a59c77f
137,9845ef4e-d647-49b6-977a-8aeb44a223aa
138,ac850578-0686-4762-ba28-138bd3392cf7
139,be9b94bb-299c-45eb-a623-002ba0a19ec8
140,cc31b0c2-638c-4e1e-9bb0-756ac70542d9
141,11a350e0-f379-4f2c-a236-2500ac254e90
142,887dd3ed-db79-495d-af0a-bc8e523e2197
143,0362150c-9297-4a17-b95f-a2284a457f7d
144,89d83a62-f9e3-448d-bc90-ea598859c1e6
145,e9fdf592-6175-4e22-9e82-9a09c271633e
146,048ab180-9a20-48dd-80b7-e1572875f30b
147,3369a5ed-84de-43a2-9247-58fdf439626c
148,938f72fc-6401-4eda-95f8-194d5df67f2e
149,0a1e8013-a702-4aed-9423-b38c9fcb6b18
150,ac258203-c15f-46fb-82d4-ee3ffcd7ca18
151,6e6068f4-7997-4e5f-be3c-ed530e6c1893
152,a188235c-13ad-4343-9565-0dc350698964
153,907f771f-10a1-46eb-9b91-71d8db1de6b2
154,a52c412d-5b74-4ec2-b1b8-76764b85497e
155,1a7408be-203b-4a27-b79c-f727ea70fde0
156,a1b4eb84-56fe-45e4-ba8c-29b904dae0bd
157,623cfa96-176c-40a3-92e0-b76a0caca87f
158,444e7307-7739-41b8-9bfd-0397d45269c7
159,834b8802-dfd1-4faa-a52e-7093a9300597
160,08fae2b7-70fa-429f-8c12-05902acea5e9
161,04c0a73a-c61a-432d-a3c0-f0794b6e8af4
162,30693277-4005-4cca-8ca9-61e9e0aa8bc3
163,3c745c4b-b477-4085-849a-1915b38ec83d
164,6a852179-5ac8-47bd-8587-cbd3f4cc41f2
165,f41e2ed1-a6ca-4c1b-bcf4-cf8e68c1b2e6
