c904355f-7774-43d1-ab8e-f48f08,87fcbc2c-9835-48c7-ab3b-fbd43b61ae78
1,33250976-3fd0-48df-8190-e00113ecb1b7
2,6578bb09-6725-426c-bbbf-4ba3dedf1392
3,d21b761c-b274-4ac0-b353-19b1a216561b
4,733cedfc-37f7-440f-9527-545388089c32
5,42ef723c-64e6-4997-8b0b-bc78b2693e37
6,66067f89-8bcc-4fb2-b0f3-3d0d60eca408
7,56fee76d-ad13-49e1-a959-621412aba866
8,23f9147f-c8b4-4f88-ba57-dd9376ce0a64
9,dda80845-651c-462f-89dd-cdbfd253805c
10,4ba15a14-bf94-4f33-a33d-4dbb492b2b2c
11,5165d106-0bac-442c-a33c-fbe00255254d
12,cc644a15-2279-4ef1-96ee-e74a65536de7
13,22fe199f-1bde-4a7e-8d20-b9ceb5205132
14,58ee1d7c-e230-4257-a882-2ddbf405e106
15,541ccd14-c24f-4889-bb05-3317840f82e8
16,554c6b44-4210-459e-99fa-715f04dc9d6c
17,e06a0439-d989-403f-b3de-90f1fc1ed87a
18,1de44ed7-4ae7-495a-936b-362ec2f0e1d2
19,90ee434f-0333-4dce-9ab7-b840ad21a058
20,d3ca52a9-f5ee-44c2-9d88-0fd60ebd2678
21,c95d59bb-84c3-4924-a168-34dfa9cdbc45
22,9bdd6f04-7230-440f-bc1f-8c30b770aee9
23,680e8e44-b310-45f5-856d-7e2dddf8fb1c
24,f3f7f377-a5b6-4369-8bfb-24e9d5d6d34b
25,d7b29326-fc23-45a2-b5cc-149a2be137f0
26,e4e937a2-a0a5-4ab4-973b-2948fd01bd2e
27,6a4242f3-d9c9-4638-8893-082ba17ff583
28,f82bf6f4-973d-42bf-b858-5249ffa6ffe5
29,653320c5-8c25-4931-ade8-7d77f0cfe15b
30,6737a295-c439-430c-9be0-65559adea853
31,6d1267ec-b644-47f0-bd7d-89aab2bd17bf
32,f0fccba3-4cfb-4a0b-8475-8970206aa8de
33,963788b5-b981-4aa9-b97a-d63434a020ef
34,97af9cf0-0593-4904-8c0e-640500dc5898
35,9966d0ad-35ba-47a8-aeb8-a3f16c5229db
36,42000722-d04c-485a-a59b-5747f970f108
37,4ecece04-618f-4dc6-8416-0df2b969223b
38,46a7c7f4-dc52-4972-8786-4c7c514b53e3
39,81713be3-d531-47b1-a713-84929287f4bc
40,9d5649b1-b01a-4aa1-885c-3d9dc245c133
41,b0e76802-c085-41d4-b379-092c1e0d3ee9
42,f7252bbc-6fc9-470f-8977-e62cb5f4390e
43,62d0c490-aa91-43b9-8133-b4af0a235a7c
44,91e79611-9746-4095-8bc0-d24f4acc41f9
45,20a8d5fb-51d6-4bcd-bfb9-99d1ca804c5f
46,d1d19cf0-4ce0-41fc-9e8c-b2035dde9ca4
47,e902d2c3-a3e5-436d-8c9b-fe5240c8e8b3
48,5188563c-7c81-43cc-9501-ca799381e64b
49,cfdb5b1f-0c16-46b0-b14f-da7966a7817c
50,58d3a472-3201-4936-b541-f359b00dfb0f
51,02c6c383-91f2-4ff1-bcb2-2e70cb153658
52,df7e5a50-d627-4ab9-a59c-211f74b0faf6
53,19f63d1d-1ded-4f01-83db-429f4232eeeb
54,47a3ff2e-53b0-4056-9fdf-272a982f48f2
55,949a11a1-2579-4f7f-bfdd-3a0bce6edd7d
56,5700f095-f0fa-4e56-a22f-c36adb970bcf
57,bcff187a-2e61-4461-95cd-e7cbd3269a21
58,284ce44e-4200-49e4-aadb-0ecdee513de9
59,38985301-3d24-407c-9ab9-8d14d2a3be91
60,7ffcbf0a-2dbd-4b42-bcf7-d892b0f1e9a2
61,8c60d550-dd3e-4485-858a-562696fe7d9e
62,270e7656-ddcb-4fca-ae54-80a87c3c43a4
63,44ca86a4-c7c4-4b89-9632-66c8dd971839
64,a2eb22e3-9916-4340-8237-f95ffa79a582
65,118bf1e4-99c2-4c06-8037-1a42a9de9212
66,c4e17f38-b94a-4e85-9e1f-d9fb4595094f
67,f56e1775-abfb-4cd3-b247-4e31f3e2e272
68,69cad535-1158-4c74-99d2-62cf1e3486bd
69,e356bf3a-88aa-4f6b-883d-2d2d5d45e422
70,165b80da-2280-4ace-b0a1-b81305d661d6
71,7b702ed0-4daf-4f92-90af-a7ab44fb0ec0
72,4dead9e0-3971-45d8-9c6a-0677429536a0
73,6e8193ef-f92e-4420-943e-6fc060147802
74,daf55319-8800-46de-b48f-de6faaa994ad
75,acef20a6-d249-403b-8480-49a1b8aff284
76,e3fceca2-48ed-46fa-b87a-1a771d903d51
77,7e4639f3-1147-4834-91e9-1a8c038fe98b
78,d557fb6c-3322-44b2-ac2c-ac6c0e08ad4b
79,8c1d9167-4ba2-4833-8437-89b25e156811
80,acdf2480-05fb-4ed4-8c2f-8ac79eb0d216
81,bd91f9d0-ded3-4061-bd78-4198f0b49cc2
82,5dea4604-d5f7-418f-9d3a-bb15a8de21df
83,1c2e32db-f376-4544-9e09-9da351718f6a
84,a5ee292a-fab2-429e-875e-43393e7bec4a
85,3a9ef6cb-d781-4025-b14a-ca35b217e681
86,23e3fd23-a06d-4792-8fa8-a1515a7c786b
87,82021c4d-609b-4926-8a8e-c11e7e039c0a
88,6d5c62e7-bb5b-432f-ba32-968bcdc6d448
89,43ed836c-eae5-4fcc-aa00-02dd8adb41c2
90,b50eee25-2777-43a9-aae0-81794cbe7cc1
91,73f8c0cf-b9f6-4bc2-9729-f4aea942cbff
92,bcc53dab-3c27-4732-91e9-a6c4123845b3
93,da2a56d1-4b66-4ed8-9ac8-f884761e4d9a
94,4ea4d33f-1756-4014-ae6e-3facda70386b
95,22851611-88bc-4323-b927-7dec28909773
96,48b452a6-576e-4d68-9e7d-27f5e1342fbf
97,88a99664-c598-4b09-9b53-a7d1af6042b0
98,d45f8ac3-cfdb-446d-ab84-604365959ff7
99,3f539605-f8d4-4034-9b03-64468c52ecc2
100,b69c958f-8f35-473a-8c14-c7c39a0ba818
101,526007d2-7c7a-4f0a-a43c-46312cf2cc6a
102,3326b9f8-4233-4bd9-b9fe-bf292e810a86
103,63da24c7-8cf7-4fe9-a2af-5fa33525007f
104,9f5bf588-556f-4fdc-82bf-72143bc06bca
105,01cefd2a-4542-41d5-a4be-adb604d3b9f6
106,6350e8b2-9f8b-420d-a1c9-57f2993d710c
107,86d85bc3-46d0-4447-838e-7f8b17f79a1f
108,4d41b579-9be7-4614-aa7c-b05853b84e90
109,8e37f041-9468-4745-ba81-cdf699dbd40e
110,53b61fdb-90f5-45ee-91c0-d2f83dec141e
111,bd3b4da8-625a-4cd6-a1c7-3fa2d87536b1
112,31176a35-bbaa-40b8-a758-404ce34e210e
113,fef2d364-315e-47f2-8418-9595be349107
114,55757a43-ee49-43a0-885c-70ee498b6c99
115,c008df37-218d-43fc-b0eb-173a3cd9d13a
116,68c18cff-57b1-4968-a436-dde8cac124d0
117,50bd5011-40fc-4063-8bb5-3e1b2a345f7e
118,ae77967c-f52c-4306-aa98-645c7a672e18
119,86326323-5d07-487b-b3c8-605b3de104ca
120,d788b9de-dc71-4740-9277-be3ad1c1d6d7
121,8ff980e8-f435-453f-8983-69237b6bbf60
122,a2872a04-6fc5-433a-94b6-f6ce0faff5c7
123,c09233ca-e801-4369-9321-f5b2b1c45cf9
124,3fdb1eb8-7913-4140-aa12-5182d9bdc9d9
125,105f8f9b-eaf4-4c71-b50f-c2a2fea34dcb
126,a78557c2-c661-463d-9a3a-1d7ec7e0d3c1
127,9a68e2f4-af92-47ff-8270-8b5e9dd6fb6d
128,c1d415d9-7d01-4419-bac0-73297cca3930
129,54ce18de-9d25-45db-8f0e-d29ba4a81148
130,e311dd0e-63a0-4472-b4e3-33e873df6f87
131,cecc5a5d-3803-457b-8a05-e49be644fcaf
132,1ac60f58-06f4-4025-bcb9-5a883c913794
133,bf200e21-8b84-4266-9087-655e65a42a75
134,ad7af638-15b5-4acb-b0ad-4341fdd89b27
135,4aa28a10-40b9-487d-a399-e9382cdae42e
136,119802a4-397d-4c12-9ddc-2c889abbc366
137,846bbe8b-ddbe-4567-aa3f-d3d39ef9b010
138,ce4432ae-319b-43b4-bb43-79d15c72d790
139,37050da2-06b5-46c9-9050-f979b6d04400
140,649d468c-22cf-4049-a1fb-59704833916d
141,e67343e8-c89e-4e3c-8b41-835fd73075d9
142,dc69dc5e-616b-46bf-980c-ae4c16c59810
143,0e2c3d80-ab01-4fa1-b096-c82fd01093a6
144,0571688f-1daf-4264-bba4-acb8b3e64aec
145,61decd60-e367-4939-abf7-6d8de51a2049
146,9b98ff05-1531-4eda-bff5-262ac35d6c23
147,15378be1-4738-40e5-93bf-d50c61a5a079
148,106a1046-2976-4899-a956-582e84b6ce57
149,d724a85c-db0b-49b1-8d8f-aa42918a2e60
150,07fc6e0e-1693-4c48-81ea-98fc0f582bec
151,7278ea27-2503-4098-8043-624c4ce44a4f
152,3602cfcc-4517-4396-816b-98df897238e7
153,1b88f0ee-936f-473d-aeb5-e4d102dd3398
154,8b73d386-72e5-4b70-996f-c3ee75ea6bd2
155,4f32460f-c99d-4ab3-9bd8-7f766c9ed290
156,5dadcbe9-7e14-4294-98ac-06e84f4886aa
157,9ceb99e4-fcd2-4f72-b34e-40727f7b0045
158,762adada-1660-41f5-9783-33a78b11729f
159,95de53d8-7f1d-4f80-b68a-0331a8fff4ee
160,e71cd0ff-8c26-463a-a033-4836097255e8
161,11a1fba7-93e5-4cae-991a-0b6826c602d7
162,40c0a0ed-cdd8-4ed6-b3d1-f8aabdad6526
163,babf356b-8b05-4006-959f-1f14c0d4222d
164,566f19ae-d2e2-423c-8ec1-5fe4859ab571
165,a029dbb4-a0aa-4660-86d9-573d038ae255
166,13ba1046-2b00-4d41-b313-8f297bbc02fc
167,22537b21-bc4c-48bc-8bef-7c1814929d77
168,502af69d-f574-4ba0-ad27-ac639868189b
169,34874c5d-5502-4ae2-ae28-6ab50d4bb16f
170,91e6938f-f422-4614-8c03-e99fea1dc21c
171,cf91f462-65b4-4968-86a6-47a1a85fd1ca
172,c5de622e-132d-420f-b4e8-1b557b5c1e2d
173,fb974bee-20d0-442b-bdaf-7cf5fabdaa55
174,e1862ec6-d6b7-4f4b-a1bf-e4da857ed937
175,4357b086-a1fe-46d0-a13a-8e70a1df447d
176,d64c9a72-6c85-44c5-9447-304f44872d28
177,2f5bda58-5fbe-4569-a15e-51ed7b9fb64d
178,689c0703-1429-4327-b748-f241f4a1d6f1
179,83d100d8-d71a-40ad-b574-7f875a7c498d
180,37ff5344-762c-467c-9cf5-4f872f38cb50
181,90fc03ce-d487-4070-b9af-8779c1c77fd3
182,4a45c900-a71e-427b-89cf-b3d4521e53b8
183,51c6c4dd-a935-4d24-939a-f19dbcb4ad0c
184,b8972984-845f-4de1-be78-aed4cb275d20
185,198f1888-d2b6-4bac-8c6b-da75a8d72844
186,eb3e6389-1fd7-4f84-ba92-4e544942f2e6
187,b37c8d3e-26d2-430d-a045-a3a38fbd479f
188,f7d2a786-2f4e-4ed2-be80-10e42cecfe33
189,41f6c324-a386-4289-b466-2b726af87557
190,5e3f7830-853d-4613-b427-7771b2083d5f
191,22128cdb-c84b-4fef-a603-fd76cea177f9
192,5ff26fbe-74ca-4651-8dda-fa186c3b5933
193,8696163b-65cb-440e-983b-5966bf5a5e3d
194,d05337e6-3d92-4cb0-a590-ad8cede6b65b
195,fdf241cf-2b34-4f76-babf-af9490d2f2b8
196,e74bf159-914c-4cee-bd21-910ccc733566
197,87495d48-13fd-4fa6-b6f8-44db82d11d3b
198,84365b4e-b10a-42a0-95a1-3da2ae5d3759
199,c7611785-d318-47a3-b718-1fdb2e2ae270
200,62168f46-872c-40bf-a6d0-c3550cecbcee
201,6828fcd3-923a-4abc-9184-9de07c17427c
202,be27423b-0534-46dd-b772-9818cef31d30
203,0f475921-af0e-414b-b88b-f53064d823a4
204,b85b3649-00ad-4dd4-a712-5b3aa6ce06b2
